-- Generated by seed-resume-data.mjs at 2026-03-24T10:06:34.436Z

BEGIN;

-- resume_profiles

INSERT INTO resume_profiles (id, locale, slug, personal, education, military, summary, current_employment, career_gap, hero, section_descriptions, contact, achievements)
VALUES ('1e8b81c6-d88b-4035-8160-1897f0f3b7e5', 'ko', 'jclee', '{"name":"이재철","birthDate":"1994.10.17","email":"qws941@kakao.com","phone":"010-5757-9592","address":"경기도 시흥시 장현천로61, 307동 1301호","github":"https://github.com/qws941"}'::jsonb, '{"school":"한양사이버대학교","major":"컴퓨터공학과","startDate":"2024.03","status":"재학중","highSchool":"용남고등학교","highSchoolGraduation":"2013"}'::jsonb, '{"status":"사회복무요원","period":"2014.12 - 2016.12"}'::jsonb, '{"totalExperience":"9년","experienceStart":"2017.02","grade":null,"expertise":["Observability","보안 인프라","자동화"],"profileStatement":"9년차 인프라 엔지니어로 금융·공공 분야에서 보안 인프라 설계와 운영을 담당했습니다. Observability 체계 구축과 운영 자동화를 수행하고 있습니다."}'::jsonb, NULL, '{"period":"2018.11 ~ 2019.11","reason":"Linux 시스템 학습에 집중하여 관련 자격증을 취득했습니다.","result":"RHCSA, CompTIA Linux+, LPIC-1, 리눅스마스터 2급 취득"}'::jsonb, '{"badge":"Infrastructure Engineer","title":"이재철","titleEn":"Jaecheol Lee","subtitle":"보안 인프라 설계 · Observability · 자동화"}'::jsonb, '{"resume":"9년차 인프라 경력","projects":"사이드 프로젝트","infrastructure":"운영 중인 서비스","skills":"기술 스택","certifications":"자격증","contact":"연락처"}'::jsonb, '{"email":"qws941@kakao.com","phone":"010-5757-9592","github":"https://github.com/qws941","linkedin":"https://linkedin.com/in/jclee0109","website":"https://resume.jclee.me","monitoring":"https://grafana.jclee.me/public-dashboards/2e98809632c841439635ffe2f8dc249b"}'::jsonb, ARRAY['넥스트레이드 ATS 보안 인프라 설계 (금융위 본인가 통과)', 'Splunk-FortiNet 통합 모니터링 체계 구축 (방화벽 중앙 관리 및 정책 배포 자동화)', '보안 인프라 자동화 도입을 통한 운영 효율화 (넥스트레이드)', 'WAF/IPS 정책 최적화를 통한 오탐률 개선 (넥스트레이드)', 'Grafana/Prometheus/Loki 기반 Observability 플랫폼 구축 및 운영', 'n8n 워크플로우 자동화 플랫폼 구축 (반복 운영 업무 자동화)', 'Claude AI 기반 보안 위협 분석 자동화 도입', '로보어드바이저 테스트베드 심사 보안 지원 (콴텍)', '클라우드 마이그레이션 프로젝트 수행 (조인트리)', '대규모 재택근무 환경을 위한 VPN 보안 인프라 구축 (메타넷)'])
ON CONFLICT (slug) DO UPDATE SET
  locale = EXCLUDED.locale,
  personal = EXCLUDED.personal,
  education = EXCLUDED.education,
  military = EXCLUDED.military,
  summary = EXCLUDED.summary,
  current_employment = EXCLUDED.current_employment,
  career_gap = EXCLUDED.career_gap,
  hero = EXCLUDED.hero,
  section_descriptions = EXCLUDED.section_descriptions,
  contact = EXCLUDED.contact,
  achievements = EXCLUDED.achievements,
  updated_at = now();

-- resume_careers

INSERT INTO resume_careers (id, resume_id, company, period, start_date, end_date, duration, project, role, client, description, display_order)
VALUES ('4a611477-6f87-4b3f-b935-586abb1ce8e2', '1e8b81c6-d88b-4035-8160-1897f0f3b7e5', '(주)아이티센 CTS', '2025.03 ~ 2026.02', '2025-03-01', '2026-02-01', '1년', '넥스트레이드 매매체결시스템 보안운영SM', '보안운영 담당', '넥스트레이드', '넥스트레이드 보안운영SM 및 정보보안팀 지원
• Splunk 기반 보안 로그 분석 및 실시간 위협 모니터링 체계 고도화
• FortiGate 방화벽 정책 최적화 및 접근 제어 자동화 관리
• 보안 취약점 점검 및 월간 정기 리포트 작성을 통한 인프라 안정성 강화
• 기술: Splunk, FortiGate, Python, Linux', 0)
ON CONFLICT (id) DO UPDATE SET
  resume_id = EXCLUDED.resume_id,
  company = EXCLUDED.company,
  period = EXCLUDED.period,
  start_date = EXCLUDED.start_date,
  end_date = EXCLUDED.end_date,
  duration = EXCLUDED.duration,
  project = EXCLUDED.project,
  role = EXCLUDED.role,
  client = EXCLUDED.client,
  description = EXCLUDED.description,
  display_order = EXCLUDED.display_order,
  updated_at = now();

INSERT INTO resume_careers (id, resume_id, company, period, start_date, end_date, duration, project, role, client, description, display_order)
VALUES ('b9c9e369-d186-488d-8f9f-7bef13cf7c45', '1e8b81c6-d88b-4035-8160-1897f0f3b7e5', '(주)가온누리정보시스템', '2024.03 ~ 2025.02', '2024-03-01', '2025-02-01', '1년', '넥스트레이드 매매체결시스템 구축', '보안구축담당', '넥스트레이드', '넥스트레이드 매매체결시스템 보안 인프라 설계 및 구축
• 금융위원회 본인가 심사 기술 대응 및 보안 아키텍처 수립
• 망 분리 및 접근통제 정책 설계를 통한 보안 컴플라이언스 준수
• FortiGate HA 고가용성 구성 및 장애 복구 프로세스 수립
• 기술: FortiGate, FortiManager, Linux, VMware', 1)
ON CONFLICT (id) DO UPDATE SET
  resume_id = EXCLUDED.resume_id,
  company = EXCLUDED.company,
  period = EXCLUDED.period,
  start_date = EXCLUDED.start_date,
  end_date = EXCLUDED.end_date,
  duration = EXCLUDED.duration,
  project = EXCLUDED.project,
  role = EXCLUDED.role,
  client = EXCLUDED.client,
  description = EXCLUDED.description,
  display_order = EXCLUDED.display_order,
  updated_at = now();

INSERT INTO resume_careers (id, resume_id, company, period, start_date, end_date, duration, project, role, client, description, display_order)
VALUES ('0eeb2c8c-6386-48dc-9e6d-2b67e4f22f0e', '1e8b81c6-d88b-4035-8160-1897f0f3b7e5', '(주)콴텍투자일임', '2022.08 ~ 2024.02', '2022-08-01', '2024-02-01', '1년 7개월', 'AI 주식투자 서비스 보안운영', '정보보호팀', NULL, 'AI 자산운용 플랫폼 클라우드 인프라 보안 운영
• AWS 기반 인프라 보안(IAM, Security Group, WAF) 관리 및 고도화
• 정기 보안 취약점 점검 및 로보어드바이저 테스트베드 심사 대응 지원
• Prometheus/Grafana 기반 보안 메트릭 대시보드 구축 및 운영
• 기술: AWS, Terraform, Prometheus, Grafana', 2)
ON CONFLICT (id) DO UPDATE SET
  resume_id = EXCLUDED.resume_id,
  company = EXCLUDED.company,
  period = EXCLUDED.period,
  start_date = EXCLUDED.start_date,
  end_date = EXCLUDED.end_date,
  duration = EXCLUDED.duration,
  project = EXCLUDED.project,
  role = EXCLUDED.role,
  client = EXCLUDED.client,
  description = EXCLUDED.description,
  display_order = EXCLUDED.display_order,
  updated_at = now();

INSERT INTO resume_careers (id, resume_id, company, period, start_date, end_date, duration, project, role, client, description, display_order)
VALUES ('675341f6-acb8-4bc7-a52c-aaa27387a2e9', '1e8b81c6-d88b-4035-8160-1897f0f3b7e5', '(주)펀엔씨', '2022.05 ~ 2022.07', '2022-05-01', '2022-07-01', '3개월', '클라우드 인프라', '인프라 담당', NULL, '이커머스 서비스 클라우드 마이그레이션 및 보안 강화
• 온프레미스 환경의 AWS VPC 기반 클라우드 마이그레이션 설계
• EKS 클러스터 보안 설정 및 컨테이너 취약점 점검 프로세스 수립
• GitLab CI/CD 파이프라인 보안 검수 단계 자동화 적용
• 기술: AWS, Kubernetes, Docker, GitLab CI', 3)
ON CONFLICT (id) DO UPDATE SET
  resume_id = EXCLUDED.resume_id,
  company = EXCLUDED.company,
  period = EXCLUDED.period,
  start_date = EXCLUDED.start_date,
  end_date = EXCLUDED.end_date,
  duration = EXCLUDED.duration,
  project = EXCLUDED.project,
  role = EXCLUDED.role,
  client = EXCLUDED.client,
  description = EXCLUDED.description,
  display_order = EXCLUDED.display_order,
  updated_at = now();

INSERT INTO resume_careers (id, resume_id, company, period, start_date, end_date, duration, project, role, client, description, display_order)
VALUES ('77ac729b-344b-49a4-b30a-6c10acd8695e', '1e8b81c6-d88b-4035-8160-1897f0f3b7e5', '(주)조인트리', '2021.09 ~ 2022.04', '2021-09-01', '2022-04-01', '8개월', '국민대학교 차세대 정보시스템', '시스템 엔지니어', NULL, '국민대학교 차세대 정보시스템 보안 인프라 고도화
• VMware NSX-T 기반 마이크로세그멘테이션 설계를 통한 내부망 보안 강화
• 방화벽, NAC, DLP 등 통합 보안 솔루션 구축 및 정책 수립
• 하이브리드 클라우드 전환을 위한 네트워크 보안 아키텍처 지원
• 기술: VMware NSX-T, Network Security, NAC', 4)
ON CONFLICT (id) DO UPDATE SET
  resume_id = EXCLUDED.resume_id,
  company = EXCLUDED.company,
  period = EXCLUDED.period,
  start_date = EXCLUDED.start_date,
  end_date = EXCLUDED.end_date,
  duration = EXCLUDED.duration,
  project = EXCLUDED.project,
  role = EXCLUDED.role,
  client = EXCLUDED.client,
  description = EXCLUDED.description,
  display_order = EXCLUDED.display_order,
  updated_at = now();

INSERT INTO resume_careers (id, resume_id, company, period, start_date, end_date, duration, project, role, client, description, display_order)
VALUES ('cb0cc48c-6139-4e06-9104-97f367b02e1e', '1e8b81c6-d88b-4035-8160-1897f0f3b7e5', '(주)메타넷엠플랫폼', '2019.12 ~ 2021.08', '2019-12-01', '2021-08-01', '1년 9개월', '컨택센터 인프라', '시스템 엔지니어', NULL, '대규모 컨택센터 IT 인프라 운영 및 자동화
• 코로나19 대응 대규모 재택근무 VPN 인프라 긴급 구축 및 운영
• Ansible 기반 서버 프로비저닝 및 반복 업무 자동화로 운영 효율성 제고
• Zabbix/PRTG 기반 실시간 모니터링 시스템 구축 및 장애 조치
• 기술: Ansible, VPN, Zabbix, Python', 5)
ON CONFLICT (id) DO UPDATE SET
  resume_id = EXCLUDED.resume_id,
  company = EXCLUDED.company,
  period = EXCLUDED.period,
  start_date = EXCLUDED.start_date,
  end_date = EXCLUDED.end_date,
  duration = EXCLUDED.duration,
  project = EXCLUDED.project,
  role = EXCLUDED.role,
  client = EXCLUDED.client,
  description = EXCLUDED.description,
  display_order = EXCLUDED.display_order,
  updated_at = now();

INSERT INTO resume_careers (id, resume_id, company, period, start_date, end_date, duration, project, role, client, description, display_order)
VALUES ('3a860a5b-70a6-43bf-a389-8479e730c870', '1e8b81c6-d88b-4035-8160-1897f0f3b7e5', '(주)엠티데이타', '2017.02 ~ 2018.10', '2017-02-01', '2018-10-01', '1년 9개월', '한국항공우주산업(KAI)', 'IT지원/OA운영', NULL, '방위산업체 IT 인프라 현장 운영 지원
• 폐쇄망 환경의 서버 및 클라이언트 인프라 정기 점검 및 유지보수
• 내부 보안 규정에 따른 인프라 자산 관리 및 보안 패치 적용
• 기술 지원 및 장애 대응을 통한 안정적인 업무 환경 유지
• 기술: Windows Server, Linux, Helpdesk', 6)
ON CONFLICT (id) DO UPDATE SET
  resume_id = EXCLUDED.resume_id,
  company = EXCLUDED.company,
  period = EXCLUDED.period,
  start_date = EXCLUDED.start_date,
  end_date = EXCLUDED.end_date,
  duration = EXCLUDED.duration,
  project = EXCLUDED.project,
  role = EXCLUDED.role,
  client = EXCLUDED.client,
  description = EXCLUDED.description,
  display_order = EXCLUDED.display_order,
  updated_at = now();

-- resume_projects

INSERT INTO resume_projects (id, resume_id, career_id, period, start_date, end_date, name, client, technologies, os, role, description, metrics, display_order)
VALUES ('fa430add-e4fa-46c7-8018-f2543a383c3b', '1e8b81c6-d88b-4035-8160-1897f0f3b7e5', NULL, '2025.03 ~ 2026.02', '2025-03-01', '2026-02-01', '넥스트레이드 보안운영', '넥스트레이드', ARRAY['Python', 'Splunk', 'n8n', 'Fortinet'], 'Linux, Docker', '보안운영 담당', 'Splunk ES 및 FortiGate API를 활용한 보안 운영 자동화
• n8n 워크플로우를 연동하여 보안 이벤트 탐지 시 실시간 Slack 알림 연동
• FortiManager API를 이용한 방화벽 정책 자동 조회 툴 개발', '{"detectionRules":"32개 탐지 룰 운영","responseTime":"보안 이벤트 30초 내 알림","automation":"방화벽 정책 조회 자동화"}'::jsonb, 0)
ON CONFLICT (id) DO UPDATE SET
  resume_id = EXCLUDED.resume_id,
  career_id = EXCLUDED.career_id,
  period = EXCLUDED.period,
  start_date = EXCLUDED.start_date,
  end_date = EXCLUDED.end_date,
  name = EXCLUDED.name,
  client = EXCLUDED.client,
  technologies = EXCLUDED.technologies,
  os = EXCLUDED.os,
  role = EXCLUDED.role,
  description = EXCLUDED.description,
  metrics = EXCLUDED.metrics,
  display_order = EXCLUDED.display_order,
  updated_at = now();

INSERT INTO resume_projects (id, resume_id, career_id, period, start_date, end_date, name, client, technologies, os, role, description, metrics, display_order)
VALUES ('a33e35d3-0212-4bbd-8e64-7043a4025b29', '1e8b81c6-d88b-4035-8160-1897f0f3b7e5', NULL, '2024.03 ~ 2025.02', '2024-03-01', '2025-02-01', '넥스트레이드 보안인프라 구축', '넥스트레이드', ARRAY['Python', 'FortiManager API', 'Ansible'], 'Linux, VMware', '보안 인프라 설계', '고가용성 기반 증권 매매 시스템 보안 아키텍처 설계
• FGCP(FortiGate Clustering Protocol) 기반 Active-Passive HA 구성
• Ansible Role을 활용한 보안 장비 초기 설정 및 정책 배포 표준화', '{"availability":"HA 99.99% 가용성 설계","compliance":"금융위 본인가 심사 통과","automation":"Ansible 정책 배포 표준화"}'::jsonb, 1)
ON CONFLICT (id) DO UPDATE SET
  resume_id = EXCLUDED.resume_id,
  career_id = EXCLUDED.career_id,
  period = EXCLUDED.period,
  start_date = EXCLUDED.start_date,
  end_date = EXCLUDED.end_date,
  name = EXCLUDED.name,
  client = EXCLUDED.client,
  technologies = EXCLUDED.technologies,
  os = EXCLUDED.os,
  role = EXCLUDED.role,
  description = EXCLUDED.description,
  metrics = EXCLUDED.metrics,
  display_order = EXCLUDED.display_order,
  updated_at = now();

INSERT INTO resume_projects (id, resume_id, career_id, period, start_date, end_date, name, client, technologies, os, role, description, metrics, display_order)
VALUES ('2d1eec84-6f3c-48d9-af2c-6541844ba273', '1e8b81c6-d88b-4035-8160-1897f0f3b7e5', NULL, '2022.08 ~ 2024.02', '2022-08-01', '2024-02-01', 'AI투자서비스 보안운영', '콴텍투자일임', ARRAY['AWS', 'IAM', 'Security Group', 'Prometheus', 'Grafana'], 'Linux, AWS', '정보보호팀', 'IaC 기반 AWS 보안 인프라 관리 및 관측성 확보
• Terraform을 사용한 VPC, Subnet, 보안 그룹의 코드 기반 관리
• AWS CloudTrail 및 GuardDuty 로그를 CloudWatch로 통합 분석', '{"iac":"VPC/Subnet/SG Terraform 코드화","monitoring":"CloudTrail + GuardDuty 통합 분석","audit":"로보어드바이저 테스트베드 심사 대응"}'::jsonb, 2)
ON CONFLICT (id) DO UPDATE SET
  resume_id = EXCLUDED.resume_id,
  career_id = EXCLUDED.career_id,
  period = EXCLUDED.period,
  start_date = EXCLUDED.start_date,
  end_date = EXCLUDED.end_date,
  name = EXCLUDED.name,
  client = EXCLUDED.client,
  technologies = EXCLUDED.technologies,
  os = EXCLUDED.os,
  role = EXCLUDED.role,
  description = EXCLUDED.description,
  metrics = EXCLUDED.metrics,
  display_order = EXCLUDED.display_order,
  updated_at = now();

INSERT INTO resume_projects (id, resume_id, career_id, period, start_date, end_date, name, client, technologies, os, role, description, metrics, display_order)
VALUES ('20142cf8-e98d-4e3d-b848-04a75edd475d', '1e8b81c6-d88b-4035-8160-1897f0f3b7e5', NULL, '2022.05 ~ 2022.07', '2022-05-01', '2022-07-01', '클라우드 인프라 구축', '펀엔씨', ARRAY['AWS', 'Kubernetes', 'Docker', 'GitLab CI/CD'], 'Linux, AWS', '인프라 구축', 'EKS 기반 컨테이너 오케스트레이션 및 CI/CD 구축
• Helm Chart를 활용한 어플리케이션 배포 자동화 및 관리
• GitLab Runner를 활용한 컨테이너 이미지 빌드 및 정적 분석 파이프라인 구축', '{"stack":"EKS + Helm Chart 배포 자동화","cicd":"GitLab CI/CD 정적 분석 파이프라인","migration":"온프레미스→AWS 클라우드 마이그레이션"}'::jsonb, 3)
ON CONFLICT (id) DO UPDATE SET
  resume_id = EXCLUDED.resume_id,
  career_id = EXCLUDED.career_id,
  period = EXCLUDED.period,
  start_date = EXCLUDED.start_date,
  end_date = EXCLUDED.end_date,
  name = EXCLUDED.name,
  client = EXCLUDED.client,
  technologies = EXCLUDED.technologies,
  os = EXCLUDED.os,
  role = EXCLUDED.role,
  description = EXCLUDED.description,
  metrics = EXCLUDED.metrics,
  display_order = EXCLUDED.display_order,
  updated_at = now();

INSERT INTO resume_projects (id, resume_id, career_id, period, start_date, end_date, name, client, technologies, os, role, description, metrics, display_order)
VALUES ('b1f7f510-a8cb-4950-b583-f95504e16fec', '1e8b81c6-d88b-4035-8160-1897f0f3b7e5', NULL, '2021.09 ~ 2022.04', '2021-09-01', '2022-04-01', '국민대 차세대 정보시스템', '국민대학교', ARRAY['VMware NSX-T', 'Firewall', 'NAC'], 'Linux, vSphere', '네트워크 가상화', 'SDN 기반 네트워크 가상화 및 마이크로세그멘테이션 구현
• VMware NSX-T 분산 방화벽(DFW)을 활용한 서버 간 트래픽 제어
• 가상 스위치(VDS) 레벨의 네트워크 보안 정책 중앙 집중화', '{"segmentation":"NSX-T 마이크로세그멘테이션 적용","policy":"DFW 기반 트래픽 제어 정책","centralization":"VDS 레벨 보안 정책 중앙 관리"}'::jsonb, 4)
ON CONFLICT (id) DO UPDATE SET
  resume_id = EXCLUDED.resume_id,
  career_id = EXCLUDED.career_id,
  period = EXCLUDED.period,
  start_date = EXCLUDED.start_date,
  end_date = EXCLUDED.end_date,
  name = EXCLUDED.name,
  client = EXCLUDED.client,
  technologies = EXCLUDED.technologies,
  os = EXCLUDED.os,
  role = EXCLUDED.role,
  description = EXCLUDED.description,
  metrics = EXCLUDED.metrics,
  display_order = EXCLUDED.display_order,
  updated_at = now();

INSERT INTO resume_projects (id, resume_id, career_id, period, start_date, end_date, name, client, technologies, os, role, description, metrics, display_order)
VALUES ('e868a65f-739d-4652-b8d6-39ac1fa4fb17', '1e8b81c6-d88b-4035-8160-1897f0f3b7e5', NULL, '2019.12 ~ 2021.08', '2019-12-01', '2021-08-01', '컨택센터 원격근무 인프라', '메타넷엠플랫폼', ARRAY['Ansible', 'Python', 'VPN', 'NAC'], 'Linux', '원격근무 인프라', '대규모 원격 접속을 위한 VPN 인프라 설계 및 자동화
• Python 스크립트와 Ansible을 연동하여 500대 이상의 서버 설정 동기화
• VPN 세션 모니터링 및 비정상 접근 탐지 대시보드 구축', '{"scale":"500대+ 서버 설정 동기화","automation":"Ansible + Python 프로비저닝 자동화","monitoring":"VPN 세션 모니터링 대시보드"}'::jsonb, 5)
ON CONFLICT (id) DO UPDATE SET
  resume_id = EXCLUDED.resume_id,
  career_id = EXCLUDED.career_id,
  period = EXCLUDED.period,
  start_date = EXCLUDED.start_date,
  end_date = EXCLUDED.end_date,
  name = EXCLUDED.name,
  client = EXCLUDED.client,
  technologies = EXCLUDED.technologies,
  os = EXCLUDED.os,
  role = EXCLUDED.role,
  description = EXCLUDED.description,
  metrics = EXCLUDED.metrics,
  display_order = EXCLUDED.display_order,
  updated_at = now();

INSERT INTO resume_projects (id, resume_id, career_id, period, start_date, end_date, name, client, technologies, os, role, description, metrics, display_order)
VALUES ('dd3bac28-8a49-41fd-99ed-cf51d22f8b38', '1e8b81c6-d88b-4035-8160-1897f0f3b7e5', NULL, '2017.02 ~ 2018.10', '2017-02-01', '2018-10-01', 'KAI 인프라 운영', '한국항공우주산업', ARRAY['Linux', 'Shell', 'Firewall'], 'Linux', '시스템 운영', '폐쇄망 보안 인프라의 안정적인 가용성 확보
• 서버 시스템 로그 주기적 분석을 통한 하드웨어 장애 징후 선제적 파악
• 내부 보안 감사 기준에 따른 시스템 설정 보안 가이드라인 준수', '{"environment":"폐쇄망 보안 인프라 운영","maintenance":"정기 점검 및 장애 선제 대응","compliance":"보안 감사 가이드라인 준수"}'::jsonb, 6)
ON CONFLICT (id) DO UPDATE SET
  resume_id = EXCLUDED.resume_id,
  career_id = EXCLUDED.career_id,
  period = EXCLUDED.period,
  start_date = EXCLUDED.start_date,
  end_date = EXCLUDED.end_date,
  name = EXCLUDED.name,
  client = EXCLUDED.client,
  technologies = EXCLUDED.technologies,
  os = EXCLUDED.os,
  role = EXCLUDED.role,
  description = EXCLUDED.description,
  metrics = EXCLUDED.metrics,
  display_order = EXCLUDED.display_order,
  updated_at = now();

-- resume_certifications

INSERT INTO resume_certifications (id, resume_id, name, issuer, date, expiration_date, credential_id, credential_url, status, display_order)
VALUES ('5b7742ef-9574-4103-b68a-fe0f4249ef78', '1e8b81c6-d88b-4035-8160-1897f0f3b7e5', 'CCNP', 'Cisco Systems', '2020.08', '2023.08', NULL, NULL, 'expired', 0)
ON CONFLICT (id) DO UPDATE SET
  resume_id = EXCLUDED.resume_id,
  name = EXCLUDED.name,
  issuer = EXCLUDED.issuer,
  date = EXCLUDED.date,
  expiration_date = EXCLUDED.expiration_date,
  credential_id = EXCLUDED.credential_id,
  credential_url = EXCLUDED.credential_url,
  status = EXCLUDED.status,
  display_order = EXCLUDED.display_order,
  updated_at = now();

INSERT INTO resume_certifications (id, resume_id, name, issuer, date, expiration_date, credential_id, credential_url, status, display_order)
VALUES ('7e3e5b64-1bb9-4284-ab02-e6b9f694727d', '1e8b81c6-d88b-4035-8160-1897f0f3b7e5', 'RHCSA', 'Red Hat', '2019.01', '2022.01', NULL, NULL, 'expired', 1)
ON CONFLICT (id) DO UPDATE SET
  resume_id = EXCLUDED.resume_id,
  name = EXCLUDED.name,
  issuer = EXCLUDED.issuer,
  date = EXCLUDED.date,
  expiration_date = EXCLUDED.expiration_date,
  credential_id = EXCLUDED.credential_id,
  credential_url = EXCLUDED.credential_url,
  status = EXCLUDED.status,
  display_order = EXCLUDED.display_order,
  updated_at = now();

INSERT INTO resume_certifications (id, resume_id, name, issuer, date, expiration_date, credential_id, credential_url, status, display_order)
VALUES ('2b598751-5f55-42d0-9b10-288d1e53a0c5', '1e8b81c6-d88b-4035-8160-1897f0f3b7e5', 'CompTIA Linux+', 'CompTIA', '2019.02', NULL, NULL, NULL, 'active', 2)
ON CONFLICT (id) DO UPDATE SET
  resume_id = EXCLUDED.resume_id,
  name = EXCLUDED.name,
  issuer = EXCLUDED.issuer,
  date = EXCLUDED.date,
  expiration_date = EXCLUDED.expiration_date,
  credential_id = EXCLUDED.credential_id,
  credential_url = EXCLUDED.credential_url,
  status = EXCLUDED.status,
  display_order = EXCLUDED.display_order,
  updated_at = now();

INSERT INTO resume_certifications (id, resume_id, name, issuer, date, expiration_date, credential_id, credential_url, status, display_order)
VALUES ('59de1a14-016a-476a-890b-7261d2f73320', '1e8b81c6-d88b-4035-8160-1897f0f3b7e5', 'LPIC Level 1', 'Linux Professional Institute', '2019.02', NULL, NULL, NULL, 'active', 3)
ON CONFLICT (id) DO UPDATE SET
  resume_id = EXCLUDED.resume_id,
  name = EXCLUDED.name,
  issuer = EXCLUDED.issuer,
  date = EXCLUDED.date,
  expiration_date = EXCLUDED.expiration_date,
  credential_id = EXCLUDED.credential_id,
  credential_url = EXCLUDED.credential_url,
  status = EXCLUDED.status,
  display_order = EXCLUDED.display_order,
  updated_at = now();

INSERT INTO resume_certifications (id, resume_id, name, issuer, date, expiration_date, credential_id, credential_url, status, display_order)
VALUES ('e3d5bc0d-c0fc-43b9-94da-8ae1ff0022bd', '1e8b81c6-d88b-4035-8160-1897f0f3b7e5', '사무자동화산업기사', '한국산업인력공단', '2019.12', NULL, NULL, NULL, 'active', 4)
ON CONFLICT (id) DO UPDATE SET
  resume_id = EXCLUDED.resume_id,
  name = EXCLUDED.name,
  issuer = EXCLUDED.issuer,
  date = EXCLUDED.date,
  expiration_date = EXCLUDED.expiration_date,
  credential_id = EXCLUDED.credential_id,
  credential_url = EXCLUDED.credential_url,
  status = EXCLUDED.status,
  display_order = EXCLUDED.display_order,
  updated_at = now();

INSERT INTO resume_certifications (id, resume_id, name, issuer, date, expiration_date, credential_id, credential_url, status, display_order)
VALUES ('c6d8aaf2-1033-4237-80d4-0b67e0f8a5ae', '1e8b81c6-d88b-4035-8160-1897f0f3b7e5', '리눅스마스터 2급', '한국정보통신진흥협회', '2019.01', NULL, NULL, NULL, 'active', 5)
ON CONFLICT (id) DO UPDATE SET
  resume_id = EXCLUDED.resume_id,
  name = EXCLUDED.name,
  issuer = EXCLUDED.issuer,
  date = EXCLUDED.date,
  expiration_date = EXCLUDED.expiration_date,
  credential_id = EXCLUDED.credential_id,
  credential_url = EXCLUDED.credential_url,
  status = EXCLUDED.status,
  display_order = EXCLUDED.display_order,
  updated_at = now();

INSERT INTO resume_certifications (id, resume_id, name, issuer, date, expiration_date, credential_id, credential_url, status, display_order)
VALUES ('c316006a-ab86-4c5f-883c-2d7a0471692c', '1e8b81c6-d88b-4035-8160-1897f0f3b7e5', 'CISSP', 'ISC²', NULL, NULL, NULL, NULL, 'preparing', 6)
ON CONFLICT (id) DO UPDATE SET
  resume_id = EXCLUDED.resume_id,
  name = EXCLUDED.name,
  issuer = EXCLUDED.issuer,
  date = EXCLUDED.date,
  expiration_date = EXCLUDED.expiration_date,
  credential_id = EXCLUDED.credential_id,
  credential_url = EXCLUDED.credential_url,
  status = EXCLUDED.status,
  display_order = EXCLUDED.display_order,
  updated_at = now();

INSERT INTO resume_certifications (id, resume_id, name, issuer, date, expiration_date, credential_id, credential_url, status, display_order)
VALUES ('e47b2ddd-1176-4ee3-839c-d32dcbfcb887', '1e8b81c6-d88b-4035-8160-1897f0f3b7e5', 'CISM', 'ISACA', NULL, NULL, NULL, NULL, 'preparing', 7)
ON CONFLICT (id) DO UPDATE SET
  resume_id = EXCLUDED.resume_id,
  name = EXCLUDED.name,
  issuer = EXCLUDED.issuer,
  date = EXCLUDED.date,
  expiration_date = EXCLUDED.expiration_date,
  credential_id = EXCLUDED.credential_id,
  credential_url = EXCLUDED.credential_url,
  status = EXCLUDED.status,
  display_order = EXCLUDED.display_order,
  updated_at = now();

INSERT INTO resume_certifications (id, resume_id, name, issuer, date, expiration_date, credential_id, credential_url, status, display_order)
VALUES ('75a868d3-4c26-4755-bcc1-15eb6e4411de', '1e8b81c6-d88b-4035-8160-1897f0f3b7e5', 'AWS Solutions Architect', 'Amazon Web Services', NULL, NULL, NULL, NULL, 'preparing', 8)
ON CONFLICT (id) DO UPDATE SET
  resume_id = EXCLUDED.resume_id,
  name = EXCLUDED.name,
  issuer = EXCLUDED.issuer,
  date = EXCLUDED.date,
  expiration_date = EXCLUDED.expiration_date,
  credential_id = EXCLUDED.credential_id,
  credential_url = EXCLUDED.credential_url,
  status = EXCLUDED.status,
  display_order = EXCLUDED.display_order,
  updated_at = now();

-- resume_skill_categories

INSERT INTO resume_skill_categories (id, resume_id, key, title, icon, display_order)
VALUES ('47b8639c-724a-4634-9a2a-02ce59b00ae2', '1e8b81c6-d88b-4035-8160-1897f0f3b7e5', 'observability', 'Observability', 'Activity', 0)
ON CONFLICT (id) DO UPDATE SET
  resume_id = EXCLUDED.resume_id,
  key = EXCLUDED.key,
  title = EXCLUDED.title,
  icon = EXCLUDED.icon,
  display_order = EXCLUDED.display_order,
  updated_at = now();

INSERT INTO resume_skill_categories (id, resume_id, key, title, icon, display_order)
VALUES ('ecb39e4b-2fe3-43af-9b54-428790a22f51', '1e8b81c6-d88b-4035-8160-1897f0f3b7e5', 'cloud', 'Cloud & Infra', 'Cloud', 1)
ON CONFLICT (id) DO UPDATE SET
  resume_id = EXCLUDED.resume_id,
  key = EXCLUDED.key,
  title = EXCLUDED.title,
  icon = EXCLUDED.icon,
  display_order = EXCLUDED.display_order,
  updated_at = now();

INSERT INTO resume_skill_categories (id, resume_id, key, title, icon, display_order)
VALUES ('00479df8-f0b3-40ba-b915-08eec91a6cef', '1e8b81c6-d88b-4035-8160-1897f0f3b7e5', 'devops', 'DevOps', 'GitBranch', 2)
ON CONFLICT (id) DO UPDATE SET
  resume_id = EXCLUDED.resume_id,
  key = EXCLUDED.key,
  title = EXCLUDED.title,
  icon = EXCLUDED.icon,
  display_order = EXCLUDED.display_order,
  updated_at = now();

INSERT INTO resume_skill_categories (id, resume_id, key, title, icon, display_order)
VALUES ('0485a018-b3c3-4bd1-b156-165060a3af57', '1e8b81c6-d88b-4035-8160-1897f0f3b7e5', 'automation', 'Automation', 'Zap', 3)
ON CONFLICT (id) DO UPDATE SET
  resume_id = EXCLUDED.resume_id,
  key = EXCLUDED.key,
  title = EXCLUDED.title,
  icon = EXCLUDED.icon,
  display_order = EXCLUDED.display_order,
  updated_at = now();

INSERT INTO resume_skill_categories (id, resume_id, key, title, icon, display_order)
VALUES ('37371320-0805-43c0-b5c8-249c1720a27f', '1e8b81c6-d88b-4035-8160-1897f0f3b7e5', 'database', 'Database', 'Database', 4)
ON CONFLICT (id) DO UPDATE SET
  resume_id = EXCLUDED.resume_id,
  key = EXCLUDED.key,
  title = EXCLUDED.title,
  icon = EXCLUDED.icon,
  display_order = EXCLUDED.display_order,
  updated_at = now();

INSERT INTO resume_skill_categories (id, resume_id, key, title, icon, display_order)
VALUES ('61ddcba5-47d3-43f3-89e2-ebe7785b7477', '1e8b81c6-d88b-4035-8160-1897f0f3b7e5', 'security', 'Security', 'Shield', 5)
ON CONFLICT (id) DO UPDATE SET
  resume_id = EXCLUDED.resume_id,
  key = EXCLUDED.key,
  title = EXCLUDED.title,
  icon = EXCLUDED.icon,
  display_order = EXCLUDED.display_order,
  updated_at = now();

INSERT INTO resume_skill_categories (id, resume_id, key, title, icon, display_order)
VALUES ('cef9a04d-3bd9-4114-bfe8-9d587ecd37f0', '1e8b81c6-d88b-4035-8160-1897f0f3b7e5', 'programming', 'Programming', 'Code', 6)
ON CONFLICT (id) DO UPDATE SET
  resume_id = EXCLUDED.resume_id,
  key = EXCLUDED.key,
  title = EXCLUDED.title,
  icon = EXCLUDED.icon,
  display_order = EXCLUDED.display_order,
  updated_at = now();

INSERT INTO resume_skill_categories (id, resume_id, key, title, icon, display_order)
VALUES ('bd95b7f6-c766-4660-b621-f80a546b7774', '1e8b81c6-d88b-4035-8160-1897f0f3b7e5', 'compliance', 'Compliance', 'FileCheck', 7)
ON CONFLICT (id) DO UPDATE SET
  resume_id = EXCLUDED.resume_id,
  key = EXCLUDED.key,
  title = EXCLUDED.title,
  icon = EXCLUDED.icon,
  display_order = EXCLUDED.display_order,
  updated_at = now();

-- resume_skills

INSERT INTO resume_skills (id, category_id, name, level, proficiency, display_order)
VALUES ('41dfd43f-9641-49b1-b788-0bf9d04aa513', '47b8639c-724a-4634-9a2a-02ce59b00ae2', 'Grafana', 'expert', 95, 0)
ON CONFLICT (id) DO UPDATE SET
  category_id = EXCLUDED.category_id,
  name = EXCLUDED.name,
  level = EXCLUDED.level,
  proficiency = EXCLUDED.proficiency,
  display_order = EXCLUDED.display_order,
  updated_at = now();

INSERT INTO resume_skills (id, category_id, name, level, proficiency, display_order)
VALUES ('3fb797df-404f-40aa-91fc-870937414034', '47b8639c-724a-4634-9a2a-02ce59b00ae2', 'Prometheus', 'expert', 95, 1)
ON CONFLICT (id) DO UPDATE SET
  category_id = EXCLUDED.category_id,
  name = EXCLUDED.name,
  level = EXCLUDED.level,
  proficiency = EXCLUDED.proficiency,
  display_order = EXCLUDED.display_order,
  updated_at = now();

INSERT INTO resume_skills (id, category_id, name, level, proficiency, display_order)
VALUES ('201601bd-505b-4590-83a8-a5478e4745ee', '47b8639c-724a-4634-9a2a-02ce59b00ae2', 'Loki', 'advanced', 80, 2)
ON CONFLICT (id) DO UPDATE SET
  category_id = EXCLUDED.category_id,
  name = EXCLUDED.name,
  level = EXCLUDED.level,
  proficiency = EXCLUDED.proficiency,
  display_order = EXCLUDED.display_order,
  updated_at = now();

INSERT INTO resume_skills (id, category_id, name, level, proficiency, display_order)
VALUES ('2be376dd-8c7f-4949-868e-6d92c12aee11', '47b8639c-724a-4634-9a2a-02ce59b00ae2', 'Splunk', 'expert', 95, 3)
ON CONFLICT (id) DO UPDATE SET
  category_id = EXCLUDED.category_id,
  name = EXCLUDED.name,
  level = EXCLUDED.level,
  proficiency = EXCLUDED.proficiency,
  display_order = EXCLUDED.display_order,
  updated_at = now();

INSERT INTO resume_skills (id, category_id, name, level, proficiency, display_order)
VALUES ('6c59c42d-d1f3-480f-b228-fabeb6113b08', 'ecb39e4b-2fe3-43af-9b54-428790a22f51', 'AWS (EC2, VPC, EKS, S3)', 'advanced', 80, 0)
ON CONFLICT (id) DO UPDATE SET
  category_id = EXCLUDED.category_id,
  name = EXCLUDED.name,
  level = EXCLUDED.level,
  proficiency = EXCLUDED.proficiency,
  display_order = EXCLUDED.display_order,
  updated_at = now();

INSERT INTO resume_skills (id, category_id, name, level, proficiency, display_order)
VALUES ('86fc69d8-b3dd-4cfd-b6c6-b8c68cadc6c0', 'ecb39e4b-2fe3-43af-9b54-428790a22f51', 'Docker', 'expert', 95, 1)
ON CONFLICT (id) DO UPDATE SET
  category_id = EXCLUDED.category_id,
  name = EXCLUDED.name,
  level = EXCLUDED.level,
  proficiency = EXCLUDED.proficiency,
  display_order = EXCLUDED.display_order,
  updated_at = now();

INSERT INTO resume_skills (id, category_id, name, level, proficiency, display_order)
VALUES ('dc38d255-177e-4523-ba33-f48cb94b078b', 'ecb39e4b-2fe3-43af-9b54-428790a22f51', 'Kubernetes', 'intermediate', 60, 2)
ON CONFLICT (id) DO UPDATE SET
  category_id = EXCLUDED.category_id,
  name = EXCLUDED.name,
  level = EXCLUDED.level,
  proficiency = EXCLUDED.proficiency,
  display_order = EXCLUDED.display_order,
  updated_at = now();

INSERT INTO resume_skills (id, category_id, name, level, proficiency, display_order)
VALUES ('a2349e10-f77b-4233-b2cd-78f8516c416b', 'ecb39e4b-2fe3-43af-9b54-428790a22f51', 'Linux', 'expert', 95, 3)
ON CONFLICT (id) DO UPDATE SET
  category_id = EXCLUDED.category_id,
  name = EXCLUDED.name,
  level = EXCLUDED.level,
  proficiency = EXCLUDED.proficiency,
  display_order = EXCLUDED.display_order,
  updated_at = now();

INSERT INTO resume_skills (id, category_id, name, level, proficiency, display_order)
VALUES ('bc6e7cb9-fec7-473b-af70-148ced383e23', '00479df8-f0b3-40ba-b915-08eec91a6cef', 'GitLab CI/CD', 'advanced', 80, 0)
ON CONFLICT (id) DO UPDATE SET
  category_id = EXCLUDED.category_id,
  name = EXCLUDED.name,
  level = EXCLUDED.level,
  proficiency = EXCLUDED.proficiency,
  display_order = EXCLUDED.display_order,
  updated_at = now();

INSERT INTO resume_skills (id, category_id, name, level, proficiency, display_order)
VALUES ('9ea1e293-e418-4dc2-b257-e4211cfc69e5', '00479df8-f0b3-40ba-b915-08eec91a6cef', 'GitHub Actions', 'expert', 95, 1)
ON CONFLICT (id) DO UPDATE SET
  category_id = EXCLUDED.category_id,
  name = EXCLUDED.name,
  level = EXCLUDED.level,
  proficiency = EXCLUDED.proficiency,
  display_order = EXCLUDED.display_order,
  updated_at = now();

INSERT INTO resume_skills (id, category_id, name, level, proficiency, display_order)
VALUES ('9dfa4dad-b3b4-45fc-83c8-b757553e53ae', '00479df8-f0b3-40ba-b915-08eec91a6cef', 'Ansible', 'advanced', 80, 2)
ON CONFLICT (id) DO UPDATE SET
  category_id = EXCLUDED.category_id,
  name = EXCLUDED.name,
  level = EXCLUDED.level,
  proficiency = EXCLUDED.proficiency,
  display_order = EXCLUDED.display_order,
  updated_at = now();

INSERT INTO resume_skills (id, category_id, name, level, proficiency, display_order)
VALUES ('e9b5c438-bff6-4a29-91e9-ec8beaed9dd5', '00479df8-f0b3-40ba-b915-08eec91a6cef', 'Terraform', 'advanced', 80, 3)
ON CONFLICT (id) DO UPDATE SET
  category_id = EXCLUDED.category_id,
  name = EXCLUDED.name,
  level = EXCLUDED.level,
  proficiency = EXCLUDED.proficiency,
  display_order = EXCLUDED.display_order,
  updated_at = now();

INSERT INTO resume_skills (id, category_id, name, level, proficiency, display_order)
VALUES ('1f882f11-f043-4392-8b7c-a1efb11dd9de', '0485a018-b3c3-4bd1-b156-165060a3af57', 'Python', 'advanced', 80, 0)
ON CONFLICT (id) DO UPDATE SET
  category_id = EXCLUDED.category_id,
  name = EXCLUDED.name,
  level = EXCLUDED.level,
  proficiency = EXCLUDED.proficiency,
  display_order = EXCLUDED.display_order,
  updated_at = now();

INSERT INTO resume_skills (id, category_id, name, level, proficiency, display_order)
VALUES ('60b15616-7d13-48c0-8cfc-2e282b82714d', '0485a018-b3c3-4bd1-b156-165060a3af57', 'Shell', 'expert', 95, 1)
ON CONFLICT (id) DO UPDATE SET
  category_id = EXCLUDED.category_id,
  name = EXCLUDED.name,
  level = EXCLUDED.level,
  proficiency = EXCLUDED.proficiency,
  display_order = EXCLUDED.display_order,
  updated_at = now();

INSERT INTO resume_skills (id, category_id, name, level, proficiency, display_order)
VALUES ('587d691f-f486-4e2e-bf73-ccd4e65e5492', '0485a018-b3c3-4bd1-b156-165060a3af57', 'n8n', 'expert', 95, 2)
ON CONFLICT (id) DO UPDATE SET
  category_id = EXCLUDED.category_id,
  name = EXCLUDED.name,
  level = EXCLUDED.level,
  proficiency = EXCLUDED.proficiency,
  display_order = EXCLUDED.display_order,
  updated_at = now();

INSERT INTO resume_skills (id, category_id, name, level, proficiency, display_order)
VALUES ('0cbacbe9-5793-4a21-9fc0-bffc53dd47c4', '37371320-0805-43c0-b5c8-249c1720a27f', 'PostgreSQL', 'advanced', 80, 0)
ON CONFLICT (id) DO UPDATE SET
  category_id = EXCLUDED.category_id,
  name = EXCLUDED.name,
  level = EXCLUDED.level,
  proficiency = EXCLUDED.proficiency,
  display_order = EXCLUDED.display_order,
  updated_at = now();

INSERT INTO resume_skills (id, category_id, name, level, proficiency, display_order)
VALUES ('83631ac7-e02f-45a5-8ee3-99642755c6f3', '37371320-0805-43c0-b5c8-249c1720a27f', 'MySQL', 'intermediate', 60, 1)
ON CONFLICT (id) DO UPDATE SET
  category_id = EXCLUDED.category_id,
  name = EXCLUDED.name,
  level = EXCLUDED.level,
  proficiency = EXCLUDED.proficiency,
  display_order = EXCLUDED.display_order,
  updated_at = now();

INSERT INTO resume_skills (id, category_id, name, level, proficiency, display_order)
VALUES ('29af2779-1aa5-4931-9e76-34ac2371619b', '37371320-0805-43c0-b5c8-249c1720a27f', 'Redis', 'intermediate', 60, 2)
ON CONFLICT (id) DO UPDATE SET
  category_id = EXCLUDED.category_id,
  name = EXCLUDED.name,
  level = EXCLUDED.level,
  proficiency = EXCLUDED.proficiency,
  display_order = EXCLUDED.display_order,
  updated_at = now();

INSERT INTO resume_skills (id, category_id, name, level, proficiency, display_order)
VALUES ('0c952016-16a7-49f2-8fd3-752cc7a4b902', '61ddcba5-47d3-43f3-89e2-ebe7785b7477', 'FortiGate', 'expert', 95, 0)
ON CONFLICT (id) DO UPDATE SET
  category_id = EXCLUDED.category_id,
  name = EXCLUDED.name,
  level = EXCLUDED.level,
  proficiency = EXCLUDED.proficiency,
  display_order = EXCLUDED.display_order,
  updated_at = now();

INSERT INTO resume_skills (id, category_id, name, level, proficiency, display_order)
VALUES ('d5485d85-d6cd-46a4-beb8-df054bbc20d3', '61ddcba5-47d3-43f3-89e2-ebe7785b7477', 'FortiManager', 'expert', 95, 1)
ON CONFLICT (id) DO UPDATE SET
  category_id = EXCLUDED.category_id,
  name = EXCLUDED.name,
  level = EXCLUDED.level,
  proficiency = EXCLUDED.proficiency,
  display_order = EXCLUDED.display_order,
  updated_at = now();

INSERT INTO resume_skills (id, category_id, name, level, proficiency, display_order)
VALUES ('01a303dc-be8d-446d-975b-e3a62d339ab7', '61ddcba5-47d3-43f3-89e2-ebe7785b7477', 'FortiAnalyzer', 'advanced', 80, 2)
ON CONFLICT (id) DO UPDATE SET
  category_id = EXCLUDED.category_id,
  name = EXCLUDED.name,
  level = EXCLUDED.level,
  proficiency = EXCLUDED.proficiency,
  display_order = EXCLUDED.display_order,
  updated_at = now();

INSERT INTO resume_skills (id, category_id, name, level, proficiency, display_order)
VALUES ('73bdc569-9290-440f-9585-ab8867d0840f', '61ddcba5-47d3-43f3-89e2-ebe7785b7477', 'Splunk', 'expert', 95, 3)
ON CONFLICT (id) DO UPDATE SET
  category_id = EXCLUDED.category_id,
  name = EXCLUDED.name,
  level = EXCLUDED.level,
  proficiency = EXCLUDED.proficiency,
  display_order = EXCLUDED.display_order,
  updated_at = now();

INSERT INTO resume_skills (id, category_id, name, level, proficiency, display_order)
VALUES ('70b7ddb4-27b0-4fcf-9cb9-4327392fb4f3', '61ddcba5-47d3-43f3-89e2-ebe7785b7477', 'NAC', 'advanced', 80, 4)
ON CONFLICT (id) DO UPDATE SET
  category_id = EXCLUDED.category_id,
  name = EXCLUDED.name,
  level = EXCLUDED.level,
  proficiency = EXCLUDED.proficiency,
  display_order = EXCLUDED.display_order,
  updated_at = now();

INSERT INTO resume_skills (id, category_id, name, level, proficiency, display_order)
VALUES ('23163903-1dc2-40cd-8ed6-20cd0b755117', '61ddcba5-47d3-43f3-89e2-ebe7785b7477', 'DLP', 'intermediate', 60, 5)
ON CONFLICT (id) DO UPDATE SET
  category_id = EXCLUDED.category_id,
  name = EXCLUDED.name,
  level = EXCLUDED.level,
  proficiency = EXCLUDED.proficiency,
  display_order = EXCLUDED.display_order,
  updated_at = now();

INSERT INTO resume_skills (id, category_id, name, level, proficiency, display_order)
VALUES ('3fdd125d-0fdd-4174-8e91-7075d4a664db', 'cef9a04d-3bd9-4114-bfe8-9d587ecd37f0', 'Node.js', 'intermediate', 60, 0)
ON CONFLICT (id) DO UPDATE SET
  category_id = EXCLUDED.category_id,
  name = EXCLUDED.name,
  level = EXCLUDED.level,
  proficiency = EXCLUDED.proficiency,
  display_order = EXCLUDED.display_order,
  updated_at = now();

INSERT INTO resume_skills (id, category_id, name, level, proficiency, display_order)
VALUES ('cfc69382-4540-4d8c-9dae-7d9649437dd6', 'cef9a04d-3bd9-4114-bfe8-9d587ecd37f0', 'TypeScript', 'intermediate', 60, 1)
ON CONFLICT (id) DO UPDATE SET
  category_id = EXCLUDED.category_id,
  name = EXCLUDED.name,
  level = EXCLUDED.level,
  proficiency = EXCLUDED.proficiency,
  display_order = EXCLUDED.display_order,
  updated_at = now();

INSERT INTO resume_skills (id, category_id, name, level, proficiency, display_order)
VALUES ('e41b590d-c9e6-45e9-8f3b-efd30db55ba6', 'bd95b7f6-c766-4660-b621-f80a546b7774', 'ISMS-P', 'advanced', 80, 0)
ON CONFLICT (id) DO UPDATE SET
  category_id = EXCLUDED.category_id,
  name = EXCLUDED.name,
  level = EXCLUDED.level,
  proficiency = EXCLUDED.proficiency,
  display_order = EXCLUDED.display_order,
  updated_at = now();

INSERT INTO resume_skills (id, category_id, name, level, proficiency, display_order)
VALUES ('8e507eec-3b23-46a3-8170-ebda73f42d61', 'bd95b7f6-c766-4660-b621-f80a546b7774', 'ISO 27001', 'advanced', 80, 1)
ON CONFLICT (id) DO UPDATE SET
  category_id = EXCLUDED.category_id,
  name = EXCLUDED.name,
  level = EXCLUDED.level,
  proficiency = EXCLUDED.proficiency,
  display_order = EXCLUDED.display_order,
  updated_at = now();

-- resume_personal_projects

INSERT INTO resume_personal_projects (id, resume_id, name, period, description, technologies, icon, tagline, stars, language, forks, github_url, demo_url, metrics, display_order)
VALUES ('61ec8186-44af-43a5-94a6-fa90de318e0d', '1e8b81c6-d88b-4035-8160-1897f0f3b7e5', 'Observability Platform', '2024.06 ~ 현재', '홈랩 인프라 모니터링. Prometheus 메트릭 수집, Loki 로그 집계, Grafana 시각화.', ARRAY['Grafana', 'Prometheus', 'Loki', 'Blackbox Exporter', 'Docker'], '📊', '모니터링 플랫폼', 0, 'PromQL', 0, NULL, 'https://grafana.jclee.me/public-dashboards/2e98809632c841439635ffe2f8dc249b', '{"dashboards":"12+","datasources":"Prometheus, Loki, Elasticsearch","uptime":"99.5%","targets":"50+ metrics endpoints"}'::jsonb, 0)
ON CONFLICT (id) DO UPDATE SET
  resume_id = EXCLUDED.resume_id,
  name = EXCLUDED.name,
  period = EXCLUDED.period,
  description = EXCLUDED.description,
  technologies = EXCLUDED.technologies,
  icon = EXCLUDED.icon,
  tagline = EXCLUDED.tagline,
  stars = EXCLUDED.stars,
  language = EXCLUDED.language,
  forks = EXCLUDED.forks,
  github_url = EXCLUDED.github_url,
  demo_url = EXCLUDED.demo_url,
  metrics = EXCLUDED.metrics,
  display_order = EXCLUDED.display_order,
  updated_at = now();

INSERT INTO resume_personal_projects (id, resume_id, name, period, description, technologies, icon, tagline, stars, language, forks, github_url, demo_url, metrics, display_order)
VALUES ('7e63c2ac-a582-4ba1-b4be-9ab306507cb7', '1e8b81c6-d88b-4035-8160-1897f0f3b7e5', 'n8n Automation', '2024.01 ~ 현재', '알림, 배포, 데이터 수집 워크플로우 자동화.', ARRAY['n8n', 'PostgreSQL', 'Docker'], '🔄', '워크플로우 자동화', 0, 'JavaScript', 0, NULL, NULL, '{"workflows":"15+","executions":"일 200+ 실행","integrations":"Slack, GitHub, Cloudflare, Grafana"}'::jsonb, 1)
ON CONFLICT (id) DO UPDATE SET
  resume_id = EXCLUDED.resume_id,
  name = EXCLUDED.name,
  period = EXCLUDED.period,
  description = EXCLUDED.description,
  technologies = EXCLUDED.technologies,
  icon = EXCLUDED.icon,
  tagline = EXCLUDED.tagline,
  stars = EXCLUDED.stars,
  language = EXCLUDED.language,
  forks = EXCLUDED.forks,
  github_url = EXCLUDED.github_url,
  demo_url = EXCLUDED.demo_url,
  metrics = EXCLUDED.metrics,
  display_order = EXCLUDED.display_order,
  updated_at = now();

INSERT INTO resume_personal_projects (id, resume_id, name, period, description, technologies, icon, tagline, stars, language, forks, github_url, demo_url, metrics, display_order)
VALUES ('cd774732-a43e-488d-8882-687ff081b65c', '1e8b81c6-d88b-4035-8160-1897f0f3b7e5', 'FortiNet API Client', '2025.01 ~ 현재', 'FortiManager 정책/라우트 조회, FortiAnalyzer 로그 통계 수집용 Python 라이브러리.', ARRAY['Python', 'FortiManager', 'FortiAnalyzer'], '🛡️', '보안장비 API 자동화', 0, 'Python', 0, 'https://github.com/qws941/splunk', NULL, '{"endpoints":"FortiManager, FortiAnalyzer REST API","features":"정책 조회, 라우트 관리, 로그 통계","automation":"수동 작업 대비 80% 시간 절감"}'::jsonb, 2)
ON CONFLICT (id) DO UPDATE SET
  resume_id = EXCLUDED.resume_id,
  name = EXCLUDED.name,
  period = EXCLUDED.period,
  description = EXCLUDED.description,
  technologies = EXCLUDED.technologies,
  icon = EXCLUDED.icon,
  tagline = EXCLUDED.tagline,
  stars = EXCLUDED.stars,
  language = EXCLUDED.language,
  forks = EXCLUDED.forks,
  github_url = EXCLUDED.github_url,
  demo_url = EXCLUDED.demo_url,
  metrics = EXCLUDED.metrics,
  display_order = EXCLUDED.display_order,
  updated_at = now();

INSERT INTO resume_personal_projects (id, resume_id, name, period, description, technologies, icon, tagline, stars, language, forks, github_url, demo_url, metrics, display_order)
VALUES ('45ed478f-5b7a-4f9b-9633-3f21f838510a', '1e8b81c6-d88b-4035-8160-1897f0f3b7e5', 'Security Alert System', '2025.01 ~ 현재', 'FortiGate 이벤트를 Splunk에서 탐지, Slack Block Kit으로 알림. 32개 탐지 룰 운영.', ARRAY['Splunk', 'Python', 'Slack'], '🔔', '보안 알림 자동화', 0, 'Python', 0, 'https://github.com/qws941/splunk', NULL, '{"detectionRules":"32개","alertChannels":"Slack Block Kit","sources":"FortiGate syslog → Splunk","responseTime":"이벤트 발생 후 30초 이내 알림"}'::jsonb, 3)
ON CONFLICT (id) DO UPDATE SET
  resume_id = EXCLUDED.resume_id,
  name = EXCLUDED.name,
  period = EXCLUDED.period,
  description = EXCLUDED.description,
  technologies = EXCLUDED.technologies,
  icon = EXCLUDED.icon,
  tagline = EXCLUDED.tagline,
  stars = EXCLUDED.stars,
  language = EXCLUDED.language,
  forks = EXCLUDED.forks,
  github_url = EXCLUDED.github_url,
  demo_url = EXCLUDED.demo_url,
  metrics = EXCLUDED.metrics,
  display_order = EXCLUDED.display_order,
  updated_at = now();

INSERT INTO resume_personal_projects (id, resume_id, name, period, description, technologies, icon, tagline, stars, language, forks, github_url, demo_url, metrics, display_order)
VALUES ('710c89a8-38ec-455c-86e0-dbd8f50a5ed0', '1e8b81c6-d88b-4035-8160-1897f0f3b7e5', 'IP Blacklist Platform', '2024.12 ~ 현재', '악성 IP 수집, 분석, 대시보드 제공. Flask API + Next.js 프론트엔드.', ARRAY['Flask', 'Next.js', 'PostgreSQL'], '🚫', '위협 인텔리전스', 0, 'Python', 0, 'https://github.com/qws941/blacklist', NULL, '{"feeds":"3+ threat intelligence feeds","stack":"Flask REST API + Next.js Dashboard","storage":"PostgreSQL with GeoIP enrichment"}'::jsonb, 4)
ON CONFLICT (id) DO UPDATE SET
  resume_id = EXCLUDED.resume_id,
  name = EXCLUDED.name,
  period = EXCLUDED.period,
  description = EXCLUDED.description,
  technologies = EXCLUDED.technologies,
  icon = EXCLUDED.icon,
  tagline = EXCLUDED.tagline,
  stars = EXCLUDED.stars,
  language = EXCLUDED.language,
  forks = EXCLUDED.forks,
  github_url = EXCLUDED.github_url,
  demo_url = EXCLUDED.demo_url,
  metrics = EXCLUDED.metrics,
  display_order = EXCLUDED.display_order,
  updated_at = now();

INSERT INTO resume_personal_projects (id, resume_id, name, period, description, technologies, icon, tagline, stars, language, forks, github_url, demo_url, metrics, display_order)
VALUES ('15b7d134-49dd-440c-82f9-417df0ecc43e', '1e8b81c6-d88b-4035-8160-1897f0f3b7e5', 'HYCU FSDS 자율주행', '2025.11 ~ 2026.02', 'Formula Student Driverless Simulator 기반 자율주행 시스템. LiDAR 콘 검출(Grid BFS) + Pure Pursuit 경로 추종, 3-tier 상태머신 안전 제어. 한양사이버대학교 포뮬러 경진대회 우수상 수상.', ARRAY['Python', 'ROS', 'Docker', 'AirSim'], '🏎️', '자율주행 시뮬레이션', 0, 'Python', 0, 'https://github.com/qws941/hycu_fsds', NULL, '{"award":"우수상 (Excellence Award)","platform":"Formula Student Driverless Simulator","stack":"ROS + Docker + AirSim"}'::jsonb, 5)
ON CONFLICT (id) DO UPDATE SET
  resume_id = EXCLUDED.resume_id,
  name = EXCLUDED.name,
  period = EXCLUDED.period,
  description = EXCLUDED.description,
  technologies = EXCLUDED.technologies,
  icon = EXCLUDED.icon,
  tagline = EXCLUDED.tagline,
  stars = EXCLUDED.stars,
  language = EXCLUDED.language,
  forks = EXCLUDED.forks,
  github_url = EXCLUDED.github_url,
  demo_url = EXCLUDED.demo_url,
  metrics = EXCLUDED.metrics,
  display_order = EXCLUDED.display_order,
  updated_at = now();

-- resume_languages

INSERT INTO resume_languages (id, resume_id, name, level, display_order)
VALUES ('86b4c6e3-c4c6-410d-91cb-db27d655a3a8', '1e8b81c6-d88b-4035-8160-1897f0f3b7e5', 'Korean', 'Native', 0)
ON CONFLICT (id) DO UPDATE SET
  resume_id = EXCLUDED.resume_id,
  name = EXCLUDED.name,
  level = EXCLUDED.level,
  display_order = EXCLUDED.display_order,
  updated_at = now();

INSERT INTO resume_languages (id, resume_id, name, level, display_order)
VALUES ('699b4782-83c8-49a9-b5ef-253f5187d0e8', '1e8b81c6-d88b-4035-8160-1897f0f3b7e5', 'English', 'Professional working proficiency', 1)
ON CONFLICT (id) DO UPDATE SET
  resume_id = EXCLUDED.resume_id,
  name = EXCLUDED.name,
  level = EXCLUDED.level,
  display_order = EXCLUDED.display_order,
  updated_at = now();

-- resume_infrastructure

INSERT INTO resume_infrastructure (id, resume_id, icon, title, description, status, url, display_order)
VALUES ('0563a51b-cc20-4f89-af68-b1d00a0c4a0a', '1e8b81c6-d88b-4035-8160-1897f0f3b7e5', '🖥️', 'Proxmox VE', '가상화 플랫폼 (8 VM/CT 운영: 3 VM + 5 LXC)', 'running', NULL, 0)
ON CONFLICT (id) DO UPDATE SET
  resume_id = EXCLUDED.resume_id,
  icon = EXCLUDED.icon,
  title = EXCLUDED.title,
  description = EXCLUDED.description,
  status = EXCLUDED.status,
  url = EXCLUDED.url,
  display_order = EXCLUDED.display_order,
  updated_at = now();

INSERT INTO resume_infrastructure (id, resume_id, icon, title, description, status, url, display_order)
VALUES ('b5503451-faf0-4b58-8dac-167fa8241ced', '1e8b81c6-d88b-4035-8160-1897f0f3b7e5', '📊', 'Grafana + Prometheus', 'Observability 스택 (메트릭 수집/시각화)', 'running', 'https://grafana.jclee.me/public-dashboards/2e98809632c841439635ffe2f8dc249b', 1)
ON CONFLICT (id) DO UPDATE SET
  resume_id = EXCLUDED.resume_id,
  icon = EXCLUDED.icon,
  title = EXCLUDED.title,
  description = EXCLUDED.description,
  status = EXCLUDED.status,
  url = EXCLUDED.url,
  display_order = EXCLUDED.display_order,
  updated_at = now();

INSERT INTO resume_infrastructure (id, resume_id, icon, title, description, status, url, display_order)
VALUES ('b2566242-8015-4ed3-b3a1-e9aea1b39d96', '1e8b81c6-d88b-4035-8160-1897f0f3b7e5', '🔍', 'ELK Stack', '로그 수집/분석/시각화 (Elasticsearch + Kibana)', 'running', 'https://elk.jclee.me', 2)
ON CONFLICT (id) DO UPDATE SET
  resume_id = EXCLUDED.resume_id,
  icon = EXCLUDED.icon,
  title = EXCLUDED.title,
  description = EXCLUDED.description,
  status = EXCLUDED.status,
  url = EXCLUDED.url,
  display_order = EXCLUDED.display_order,
  updated_at = now();

INSERT INTO resume_infrastructure (id, resume_id, icon, title, description, status, url, display_order)
VALUES ('ad3bb23b-d97b-4dd0-9db4-127d2bf57a6b', '1e8b81c6-d88b-4035-8160-1897f0f3b7e5', '🌐', 'Traefik', '리버스 프록시 / 인그레스', 'running', NULL, 3)
ON CONFLICT (id) DO UPDATE SET
  resume_id = EXCLUDED.resume_id,
  icon = EXCLUDED.icon,
  title = EXCLUDED.title,
  description = EXCLUDED.description,
  status = EXCLUDED.status,
  url = EXCLUDED.url,
  display_order = EXCLUDED.display_order,
  updated_at = now();

INSERT INTO resume_infrastructure (id, resume_id, icon, title, description, status, url, display_order)
VALUES ('a2f30766-4369-47a5-92e2-52f7de5f22a9', '1e8b81c6-d88b-4035-8160-1897f0f3b7e5', '🗄️', 'Supabase', 'BaaS (PostgreSQL + Auth)', 'running', NULL, 4)
ON CONFLICT (id) DO UPDATE SET
  resume_id = EXCLUDED.resume_id,
  icon = EXCLUDED.icon,
  title = EXCLUDED.title,
  description = EXCLUDED.description,
  status = EXCLUDED.status,
  url = EXCLUDED.url,
  display_order = EXCLUDED.display_order,
  updated_at = now();

INSERT INTO resume_infrastructure (id, resume_id, icon, title, description, status, url, display_order)
VALUES ('c2d33bfe-2185-40f7-87f6-d946a8c494f5', '1e8b81c6-d88b-4035-8160-1897f0f3b7e5', '💾', 'MinIO', '오브젝트 스토리지 / 캐시', 'running', NULL, 5)
ON CONFLICT (id) DO UPDATE SET
  resume_id = EXCLUDED.resume_id,
  icon = EXCLUDED.icon,
  title = EXCLUDED.title,
  description = EXCLUDED.description,
  status = EXCLUDED.status,
  url = EXCLUDED.url,
  display_order = EXCLUDED.display_order,
  updated_at = now();

INSERT INTO resume_infrastructure (id, resume_id, icon, title, description, status, url, display_order)
VALUES ('30e97afb-ea4d-4c91-b44d-8a3350cf06aa', '1e8b81c6-d88b-4035-8160-1897f0f3b7e5', '🤖', 'MCP Server Hub', 'AI 에이전트 도구 서버 (17개 MCP)', 'running', NULL, 6)
ON CONFLICT (id) DO UPDATE SET
  resume_id = EXCLUDED.resume_id,
  icon = EXCLUDED.icon,
  title = EXCLUDED.title,
  description = EXCLUDED.description,
  status = EXCLUDED.status,
  url = EXCLUDED.url,
  display_order = EXCLUDED.display_order,
  updated_at = now();

INSERT INTO resume_infrastructure (id, resume_id, icon, title, description, status, url, display_order)
VALUES ('ea3ee4dc-5385-4413-8fb4-ff3acfd4126a', '1e8b81c6-d88b-4035-8160-1897f0f3b7e5', '🔐', 'HashiCorp Vault', '시크릿 관리 / PKI', 'running', NULL, 7)
ON CONFLICT (id) DO UPDATE SET
  resume_id = EXCLUDED.resume_id,
  icon = EXCLUDED.icon,
  title = EXCLUDED.title,
  description = EXCLUDED.description,
  status = EXCLUDED.status,
  url = EXCLUDED.url,
  display_order = EXCLUDED.display_order,
  updated_at = now();

INSERT INTO resume_infrastructure (id, resume_id, icon, title, description, status, url, display_order)
VALUES ('1a962681-4250-4806-800f-fe87a8578486', '1e8b81c6-d88b-4035-8160-1897f0f3b7e5', '🔄', 'n8n', '워크플로우 자동화 (15+ 워크플로우, 일 200+ 실행)', 'running', 'https://n8n.jclee.me', 8)
ON CONFLICT (id) DO UPDATE SET
  resume_id = EXCLUDED.resume_id,
  icon = EXCLUDED.icon,
  title = EXCLUDED.title,
  description = EXCLUDED.description,
  status = EXCLUDED.status,
  url = EXCLUDED.url,
  display_order = EXCLUDED.display_order,
  updated_at = now();

INSERT INTO resume_infrastructure (id, resume_id, icon, title, description, status, url, display_order)
VALUES ('336ce7af-56dd-43ab-8bba-a0848b2e5cd2', '1e8b81c6-d88b-4035-8160-1897f0f3b7e5', '⚡', 'Cloudflare Workers', 'Edge 배포', 'running', 'https://resume.jclee.me', 9)
ON CONFLICT (id) DO UPDATE SET
  resume_id = EXCLUDED.resume_id,
  icon = EXCLUDED.icon,
  title = EXCLUDED.title,
  description = EXCLUDED.description,
  status = EXCLUDED.status,
  url = EXCLUDED.url,
  display_order = EXCLUDED.display_order,
  updated_at = now();

INSERT INTO resume_infrastructure (id, resume_id, icon, title, description, status, url, display_order)
VALUES ('2d4f1f13-a5f1-4c80-99ad-2ee212c7552e', '1e8b81c6-d88b-4035-8160-1897f0f3b7e5', '🏗️', 'Terraform', 'IaC (DNS/Workers/Proxmox)', 'running', NULL, 10)
ON CONFLICT (id) DO UPDATE SET
  resume_id = EXCLUDED.resume_id,
  icon = EXCLUDED.icon,
  title = EXCLUDED.title,
  description = EXCLUDED.description,
  status = EXCLUDED.status,
  url = EXCLUDED.url,
  display_order = EXCLUDED.display_order,
  updated_at = now();

INSERT INTO resume_infrastructure (id, resume_id, icon, title, description, status, url, display_order)
VALUES ('34fbb97e-86cb-4b1e-9c57-19230100475e', '1e8b81c6-d88b-4035-8160-1897f0f3b7e5', '🏃', 'GitHub Actions Runner', 'Self-hosted CI/CD', 'running', NULL, 11)
ON CONFLICT (id) DO UPDATE SET
  resume_id = EXCLUDED.resume_id,
  icon = EXCLUDED.icon,
  title = EXCLUDED.title,
  description = EXCLUDED.description,
  status = EXCLUDED.status,
  url = EXCLUDED.url,
  display_order = EXCLUDED.display_order,
  updated_at = now();

-- resume_oss_contributions

-- resume_oss_contributions: no rows

COMMIT;
